43.5733913_1.3358566.png,221,209,290,274,10823
43.5886287_1.3119667.png,200,228,307,252,11283
44.6216663_2.0224345.png,191,194,314,275,831
43.7924629_1.371897.png,196,227,315,256,5465
43.5969372_1.4794497.png,231,206,280,275,13461
43.5815005_1.2826672.png,222,187,289,295,8561
43.1841406_0.0744643.png,217,207,294,277,6669
44.729624_-1.0861268.png,199,227,304,249,1852
42.7334046_2.9284305.png,217,225,295,258,3784
42.746567_2.811254.png,208,229,303,254,3692
43.6926614_1.4426385.png,219,229,292,254,4432
42.6870153_3.0306452.png,218,232,293,251,5957
44.7501711_-1.0952189.png,236,200,274,282,1894
43.5850988_1.4770133.png,216,230,303,261,13483
43.5594861_1.3713113.png,188,218,312,256,7710
43.095715_-0.0258955.png,201,229,308,247,1509
43.6314335_1.4084843.png,181,213,330,270,12677
43.5838901_1.2976026.png,195,217,305,257,11254
42.6895614_2.6875336.png,215,237,292,248,14053
43.6809255_1.4355904.png,222,226,289,257,7525
43.5563339_1.3806247.png,209,224,302,249,7918
43.7588372_1.466795.png,196,221,325,272,9388
43.6889191_1.5049051.png,175,241,329,246,12515
43.6365817_1.453546.png,196,211,315,272,13205
43.5625579_1.6676727.png,207,220,304,264,12319
43.5808972_1.4802419.png,211,234,297,245,9915
43.6945987_1.3744158.png,203,231,308,252,9357
43.7347723_1.0568466.png,190,233,323,249,3643
43.5815118_1.3910917.png,202,235,304,251,9989
43.0361101_-0.0723855.png,200,235,314,259,2780
43.7938752_1.3414581.png,221,226,290,257,4870
42.6728182_2.941321.png,218,241,289,244,5043
42.681339_2.7996112.png,227,210,284,272,13718
43.558865_1.3726235.png,203,218,308,265,7635
43.5616229_1.3293652.png,213,206,298,277,11000
43.7697077_1.2808067.png,230,194,281,289,9713
44.6158669_2.0399418.png,224,192,290,294,839
44.6053095_2.0361459.png,236,203,275,280,945
43.5291503_1.34555.png,221,232,290,249,2470
43.7382687_1.3822563.png,223,227,286,254,7379
43.2527317_0.1077305.png,223,216,288,267,1608
43.563186_1.3665071.png,212,240,299,243,7763
43.5684747_1.3303288.png,215,218,299,265,10478
43.6495541_1.4523009.png,202,206,299,277,12874
43.7578085_-1.329208.png,201,236,307,250,220
43.5903052_1.4679841.png,203,220,308,263,9794
43.5668538_1.3292911.png,204,200,300,276,10835
42.6902821_2.7641907.png,215,239,296,244,14585
42.6827842_2.94561.png,237,203,276,280,5001
44.7474463_-1.0837506.png,218,205,294,278,2213
42.6798118_2.7471865.png,220,218,296,261,2805
43.8614003_1.3715636.png,214,198,298,284,9186
43.6539224_1.3010146.png,205,238,301,239,6320
44.7281282_-1.0868771.png,213,234,298,248,1911
42.7538213_2.8450862.png,221,227,289,256,14119
43.7379167_1.3852935.png,216,217,296,266,7243
43.5713602_1.334038.png,207,216,313,259,10795
42.7056929_2.8210066.png,234,211,278,271,3066
43.6953288_1.42223.png,231,207,280,276,4411
43.5911214_1.5700241.png,218,207,294,276,7487
42.7268557_2.9352745.png,218,235,294,248,3885
43.6958172_1.3759661.png,217,193,295,289,9316
43.5823579_1.3171538.png,214,234,296,249,11620
43.5310354_1.3382869.png,216,238,293,245,2612
43.6956419_1.5083703.png,214,216,297,267,12407
43.4602811_-1.5528129.png,235,205,276,278,3359
43.5675_1.2881097.png,215,221,297,262,8529
44.7414249_-1.0689676.png,220,237,291,247,1927
44.7570855_-1.0823571.png,205,227,301,249,1456
43.7983468_1.3856334.png,204,232,307,251,4940
42.7477257_2.8133872.png,214,233,297,250,3670
43.5915394_1.3768255.png,197,236,316,247,10145
43.7571526_-1.3224571.png,199,245,295,251,137
43.6836065_1.5338409.png,202,220,309,261,4700
43.5505586_1.5409806.png,197,219,314,263,12011
42.6442879_2.871917.png,213,235,291,247,14811
43.54226_1.5426885.png,220,238,294,250,12090
43.594021_1.563876.png,221,224,290,259,7463
43.5722113_1.3349868.png,215,218,296,265,11062
43.4546082_-1.5490607.png,215,231,296,252,3488
43.6760687_1.5358097.png,212,223,293,260,4784
42.6846289_2.8031176.png,226,219,283,264,13843
43.5291675_1.3274098.png,216,239,294,244,2386
42.699713_2.9918985.png,217,240,294,254,5830
43.5893334_1.3687204.png,228,196,283,287,10950
42.7009083_2.9999633.png,226,237,284,246,5579
44.6264631_2.0190545.png,230,203,279,279,878
43.6144383_1.4572679.png,226,231,285,252,13231
42.6486685_2.8325857.png,202,210,309,273,6152
43.5588373_1.3053587.png,225,221,287,262,8680
43.5984188_1.4778118.png,209,222,297,255,13584
43.5854831_1.5831278.png,213,242,305,244,7112
43.74135_1.4681233.png,196,239,313,246,10257
42.6865517_2.6938736.png,183,226,338,236,13963
43.5686394_1.3264102.png,222,216,289,267,10728
43.5535509_1.2959689.png,236,197,275,286,8577
43.7065801_1.5591888.png,202,239,307,244,9506
43.5841512_1.3784144.png,210,233,301,250,9971
43.7420984_1.364036.png,209,222,307,271,7428
43.1099996_-0.0537012.png,207,230,304,253,1485
43.6986885_1.5149183.png,201,233,301,250,12621
44.7555068_-1.0933386.png,216,220,296,266,2063
43.6793759_1.4316285.png,206,234,306,249,7504
42.6985195_2.8246071.png,228,207,283,276,2998
44.7464828_-1.0859477.png,210,235,301,250,2045
43.5590095_1.3694074.png,195,228,315,256,7712
44.7395763_-1.0891148.png,234,239,277,244,1752
44.776343_-1.1425497.png,216,207,295,276,1199
43.630324_1.4613216.png,219,227,299,264,13025
43.5776192_1.3451228.png,199,218,315,263,11435
42.6439171_2.8738841.png,217,234,294,249,14795
44.4717506_1.8354699.png,193,208,280,275,593
42.7281947_2.9348804.png,231,209,280,274,3983
42.6778337_2.7836976.png,234,207,278,275,13655
42.6873668_2.9350634.png,205,236,306,248,5297
42.6802159_2.9313585.png,194,232,325,247,5009
43.2567708_0.1078232.png,235,196,276,287,1631
43.4698071_-1.5535057.png,207,224,303,260,3331
43.5853054_1.4749304.png,216,227,294,255,9870
43.6337844_1.4628552.png,216,241,294,242,13221
42.6829893_2.9456406.png,218,202,289,276,5258
43.6972002_1.4526991.png,215,223,296,260,4467
43.6649958_1.4858475.png,213,241,298,243,403
43.5770372_1.6016922.png,208,227,297,259,6996
42.6884916_2.6908012.png,209,220,303,262,13933
43.6215278_1.4697009.png,217,232,293,252,13258
43.549835_1.5421763.png,214,237,305,241,12113
43.0737055_1.6501889.png,221,212,290,271,690
43.4903602_-1.5506992.png,212,215,300,268,3192
43.552099_1.2485428.png,215,204,297,279,8438
42.6425046_2.7028593.png,209,226,305,258,6273
44.7723047_-1.1254071.png,204,215,307,262,1304
43.4218523_1.509215.png,210,233,300,250,10099
42.6764582_2.9469759.png,213,231,290,246,5112
44.7316998_-1.0736991.png,203,215,308,259,1790
42.7260203_2.9384084.png,239,211,276,271,3759
43.1174481_-0.1475879.png,209,214,301,269,987
43.6742791_1.5177093.png,187,241,328,252,4790
44.7578345_-1.0785176.png,206,213,296,261,1910
43.5478535_1.2709046.png,190,226,315,250,8795
42.6872855_2.9345295.png,200,214,321,279,5135
43.5460321_1.5367323.png,226,189,287,294,12072
43.6576691_1.4766554.png,209,219,302,264,496
43.6372931_1.4594904.png,212,222,299,260,12845
43.556561_1.3169875.png,208,222,296,254,8321
42.687457_3.029357.png,235,219,276,264,5934
43.6916009_1.4368882.png,221,230,287,255,4298
42.7759803_2.833327.png,209,239,297,242,12274
42.7531181_2.8169452.png,217,219,294,263,3676
43.6350683_1.4417818.png,216,188,295,296,12879
44.756609_-1.0922335.png,217,207,294,276,2120
43.5690688_1.3045939.png,222,217,294,272,8898
44.737912_-1.088975.png,215,235,298,248,1929
43.6943993_1.5110512.png,214,210,297,272,12579
44.7333549_-1.0700401.png,212,241,299,242,1961
43.5935607_1.557541.png,208,217,303,266,7472
43.6855352_1.4501484.png,240,217,271,266,4200
43.0971736_-0.0414492.png,226,217,285,266,1028
43.5645114_1.2997766.png,218,226,293,257,8789
43.6969799_1.4301128.png,216,240,295,243,4499
43.5602169_1.3738955.png,212,231,291,246,7913
43.2266827_0.0984615.png,205,217,312,266,2321
43.751188_1.4627435.png,207,236,303,248,9396
44.7325212_-1.069631.png,222,209,289,272,2117
43.1873736_-0.1281705.png,200,211,312,252,1465
43.7357448_1.3588948.png,196,240,307,249,7433
42.7033286_3.0063661.png,235,224,276,259,5783
43.583719_1.3232855.png,216,222,295,261,11513
43.4761058_1.4968837.png,212,241,300,242,6459
43.5607959_1.2609357.png,207,220,304,265,8429
42.6793231_2.7768594.png,221,230,289,253,13886
43.6006499_1.6011552.png,205,211,306,261,7073
42.6901733_2.768136.png,228,221,283,263,14589
43.575666_1.3911069.png,213,197,298,286,10029
43.5946631_1.5698109.png,205,234,302,252,7456
43.2032798_0.0942773.png,232,200,279,283,1665
44.756515_-1.0945042.png,225,201,290,286,1836
43.5542237_1.5182294.png,217,232,294,252,11747
43.6798264_1.5820618.png,215,241,298,243,9669
43.908626_2.1248968.png,211,213,300,270,764
43.6967609_1.5011526.png,192,212,315,254,12344
43.6429149_1.4369531.png,215,223,296,260,13223
43.5832254_1.3676235.png,191,222,309,250,10493
43.5743036_1.3242897.png,212,204,293,271,10622
43.5916507_1.5629511.png,203,234,304,246,7464
44.7477524_-1.0863072.png,213,210,298,273,2051
43.6995692_1.5077616.png,194,236,312,251,12471
43.5554932_1.2955157.png,210,240,304,241,8747
43.1951493_0.081978.png,215,228,295,254,6701
44.7505445_-1.0917754.png,216,220,289,258,2273
42.6835706_2.8061413.png,232,216,282,271,13834
42.6961026_2.7735991.png,225,207,295,275,14613
43.6200757_1.4137441.png,176,234,362,239,12651
44.6025082_1.9898179.png,226,193,284,290,955
44.7542976_-1.0936704.png,209,237,302,246,2229
43.5509744_1.5171528.png,214,235,297,248,12042
43.7365176_1.3842085.png,235,203,277,281,7339
43.6969999_1.5006158.png,168,200,332,267,12496
43.5925083_1.4846427.png,206,229,305,254,13463
43.5887513_1.3535324.png,217,228,294,254,10765
42.676024_2.9461695.png,211,236,300,247,5344
43.5876629_1.480389.png,219,230,291,253,13535
43.4800084_-1.5395823.png,212,234,298,249,3312
42.7034502_3.0099238.png,236,225,275,258,5581
43.5461891_1.4666293.png,228,207,288,277,6494
43.6639391_1.01723.png,199,239,312,244,85
43.8520946_1.3859584.png,231,208,280,275,9012
43.693954_1.5094625.png,209,221,302,262,12574
43.5816616_1.3179303.png,211,214,300,269,11100
43.5745068_1.3840577.png,166,239,347,243,9946
44.7534244_-1.0829346.png,219,218,300,260,1383
44.7425124_-1.0806582.png,205,218,297,256,1940
43.561779_1.3112679.png,214,241,296,242,8806
43.6772707_1.5257456.png,209,203,309,265,4649
42.6815061_3.0285908.png,217,221,293,263,5640
42.6996413_3.0066046.png,224,227,288,256,5900
43.6256414_1.4286892.png,218,237,294,249,13367
44.7426163_-1.079356.png,205,221,302,259,1717
43.4822966_1.4867722.png,230,191,281,292,6432
43.4848794_-1.5415897.png,197,229,314,254,3183
43.2351845_0.1013472.png,215,229,300,263,1630
43.4629778_-1.5628275.png,223,175,288,306,3363
43.5748032_1.295951.png,193,238,310,239,8635
43.6846863_1.4345896.png,224,218,287,264,4351
43.6516488_1.4361488.png,217,226,294,257,12928
43.6266557_1.4612893.png,224,237,292,251,13275
43.6663153_1.4747223.png,216,224,302,252,544
43.6533352_1.4734903.png,213,241,295,242,476
43.5766321_1.3473083.png,219,221,292,262,10553
42.6921587_2.7693429.png,215,230,309,252,14596
43.4541748_-1.5477302.png,196,240,310,243,3431
43.7388947_1.4726024.png,211,244,300,249,10349
44.7275848_-1.0870874.png,208,223,303,260,2159
42.6930833_2.9970726.png,203,228,301,248,5784
43.5728854_1.3244707.png,213,211,298,272,10479
42.6406538_2.8642361.png,234,215,277,268,14766
42.7225938_2.9368375.png,221,225,289,258,3952
43.5323146_1.3326651.png,208,238,303,244,2414
44.7306827_-1.0897249.png,212,237,303,246,1833
42.6809797_2.7711755.png,199,221,312,261,2839
43.7090497_1.508207.png,209,227,302,256,12566
43.5716319_1.3408709.png,204,201,301,279,10802
43.5808663_1.3027762.png,215,232,296,251,11320
43.7079602_1.5620182.png,211,245,300,247,9503
43.5913926_1.3317365.png,218,226,306,258,11082
43.5496284_1.5413863.png,216,222,295,259,11692
43.5692212_1.2894021.png,223,213,288,270,8164
42.6791721_2.7395895.png,215,232,298,250,2888
43.9098248_2.1196423.png,206,203,306,279,754
43.5717486_1.2931615.png,218,217,293,267,8238
43.5808246_1.3695576.png,214,235,305,255,9957
44.6017116_1.991245.png,205,215,312,273,834
43.5871674_1.4691422.png,226,238,285,245,9784
42.6870268_2.6949762.png,207,229,304,255,14037
43.7476818_1.3683724.png,212,239,299,244,7368
43.6815926_1.5783703.png,203,240,308,243,9543
43.559709_1.5212548.png,219,223,292,261,11969
42.7092371_2.8178013.png,222,196,289,287,2957
43.6933063_1.44746.png,225,227,286,256,4289
43.5598277_1.3677162.png,217,237,315,246,7652
42.7281672_2.9369683.png,228,219,281,265,3848
42.7276758_2.9382682.png,238,216,273,267,3825
43.5980855_1.5388754.png,184,238,326,245,7503
44.7687774_-1.1216439.png,230,210,281,273,1241
42.6351374_2.8650873.png,222,224,289,259,14687
43.2541809_0.0464784.png,213,222,297,261,6867
43.5674681_1.3326213.png,209,244,308,249,10940
42.6942923_2.9307728.png,192,237,312,253,5166
43.6261377_1.4281029.png,225,212,288,277,12979
42.7273603_2.9389652.png,237,212,274,271,3842
43.6782065_1.5335225.png,216,234,295,249,4605
43.845328_1.3761958.png,208,241,304,243,9162
43.1906446_0.0792284.png,237,205,274,278,6718
43.692972_1.5092295.png,199,229,312,250,12426
42.7324263_2.9407884.png,216,226,295,257,3942
43.6823616_1.4327942.png,236,212,275,271,7506
43.5326554_1.338551.png,204,241,308,242,2372
43.550096_1.5403204.png,225,236,286,247,12093
43.0997222_-0.0534714.png,235,218,276,266,1491
42.6987827_2.9917749.png,217,237,295,251,5500
42.6860884_2.8079024.png,216,234,295,249,13717
43.6761217_1.587607.png,215,232,296,251,9554
43.5387056_1.4842916.png,219,221,292,262,6513
43.6461475_1.4337909.png,207,217,305,267,12993
42.6910418_2.9405013.png,208,226,294,249,5144
43.8271958_1.3837145.png,198,220,313,263,9082
43.5530744_1.2786524.png,196,221,310,270,8825
42.7521722_2.8122909.png,204,221,305,263,3695
43.6986931_1.3803504.png,226,220,285,263,9356
42.6787643_2.7773924.png,233,210,275,272,13867
44.750485_-1.0837222.png,215,215,296,268,1390
43.5519834_1.3763759.png,198,218,315,268,7842
43.6974167_1.430243.png,221,239,290,244,4494
43.1204449_-0.097803.png,197,219,314,264,1051
43.5803197_1.3408054.png,214,230,297,253,11486
43.527968_1.3388712.png,214,238,297,245,2524
42.7032934_2.8214482.png,221,207,295,278,3147
43.5380272_1.5489741.png,210,225,300,258,11844
43.5596606_1.307281.png,226,224,285,259,8187
43.6309232_1.4737803.png,207,219,304,264,12999
44.7691015_-1.1195129.png,202,231,309,252,1101
43.5833411_1.6895218.png,203,219,315,270,12293
42.6525903_2.9520796.png,207,230,303,253,286
44.7362347_-1.0699937.png,211,229,300,248,2109
42.7042022_3.0041776.png,206,235,299,243,5791
43.6976662_1.4373113.png,225,232,286,252,4336
43.7431553_1.3625512.png,227,215,284,268,7370
43.5833416_1.3676466.png,199,223,313,252,11546
42.8155333_2.8285069.png,200,236,307,250,12225
43.4898077_-1.5453773.png,216,197,295,286,3437
42.7251787_2.9451888.png,231,204,280,280,3882
43.6193394_1.4715288.png,190,217,321,254,12870
42.816079_2.8303195.png,205,219,307,262,12131
43.691406_1.4397168.png,212,221,297,254,4406
42.6511887_2.8286567.png,213,237,306,241,6089
43.5562393_1.3799929.png,202,224,309,259,7868
43.6147894_1.477441.png,212,210,291,266,13058
43.558274_1.5217032.png,213,215,304,265,11709
43.583495_1.5786704.png,225,238,286,245,6990
43.6111997_1.4134944.png,205,206,300,268,12665
43.5582988_1.2902673.png,219,239,291,244,8858
44.743132_-1.0794098.png,222,220,289,263,2108
43.5424091_1.4596191.png,221,239,290,244,6525
43.5726735_1.6065487.png,220,193,294,290,7087
43.5598783_1.3560567.png,223,228,284,249,11617
43.5871571_1.368526.png,213,228,298,255,10704
43.5578522_1.5199301.png,211,232,302,251,12046
43.4630674_-1.5566878.png,235,203,276,280,3350
